method,file,scheme,motif_list,total_bad_motifs,total_triplets,bad_motif_percent,bad_motifs_per_1000nt
CMC,繁体版出師表,B方案(繁转简),TGC;CGC;GTC;GTG;GAC;CAC;GCG,0,6193,0.0000,0.0000
CMC,繁体版出師表,A方案(繁体直编),TGC;CGC;GTC;GTG;GAC;CAC;GCG,0,6212,0.0000,0.0000
CMC,背影,简体存储,TGC;CGC;GTC;GTG;GAC;CAC;GCG,0,9605,0.0000,0.0000
YYC,繁体版出師表,,TGC;CGC;GTC;GTG;GAC;CAC;GCG,1241,9726,12.7673,127.6730
YYC,背影,,TGC;CGC;GTC;GTG;GAC;CAC;GCG,2368,17155,13.8078,138.0780
DNA Fountain,繁体版出師表,,TGC;CGC;GTC;GTG;GAC;CAC;GCG,4253,11550,36.8248,368.2480
DNA Fountain,背影,,TGC;CGC;GTC;GTG;GAC;CAC;GCG,7337,20062,36.5730,365.7300
HEDGES,繁体版出師表,,TGC;CGC;GTC;GTG;GAC;CAC;GCG,9975,76498,13.0405,130.4050
HEDGES,背影,,TGC;CGC;GTC;GTG;GAC;CAC;GCG,10011,76498,13.0876,130.8760
DRRC,繁体版出師表,,TGC;CGC;GTC;GTG;GAC;CAC;GCG,29378,75475,38.9244,389.2440
DRRC,背影,,TGC;CGC;GTC;GTG;GAC;CAC;GCG,34079,87997,38.7277,387.2770
